{"0":{"offsetX":-117.89859999999999,"offsetY":-70.11215,"w":266.68240000000003,"h":442.93335},"1":{"offsetX":-97.3009,"offsetY":-76.82239,"w":167.42219999999998,"h":434.62471},"2":{"offsetX":-106.0521,"offsetY":-83.82974,"w":291.82030000000003,"h":428.53806},"3":{"offsetX":-113.60499999999999,"offsetY":-64.81625,"w":266.6471,"h":450.26374999999996},"4":{"offsetX":-87.4801,"offsetY":-70.61514,"w":326.9096,"h":442.07446},"5":{"offsetX":-110.0501,"offsetY":-79.23129,"w":281.0235,"h":434.19991},"6":{"offsetX":-108.2163,"offsetY":-67.09851,"w":274.63370000000003,"h":447.36099},"7":{"offsetX":-144.8835,"offsetY":-68.81949,"w":290.92049999999995,"h":444.77371000000005},"8":{"offsetX":-107.2187,"offsetY":-69.35785,"w":284.96369999999996,"h":443.97075},"9":{"offsetX":-119.65539999999999,"offsetY":-66.14075,"w":273.6413,"h":449.10614999999996},"10":{"offsetX":-48.18829,"offsetY":-69.95343,"w":496.85130999999996,"h":442.93357000000003},"11":{"offsetX":-48.18829,"offsetY":-77.01523,"w":385.96901,"h":434.62477},"12":{"offsetX":-48.18829,"offsetY":-77.01523,"w":509.25160999999997,"h":435.35257},"13":{"offsetX":-48.18829,"offsetY":-77.01523,"w":475.19451,"h":438.06476999999995},"14":{"offsetX":-48.18829,"offsetY":-77.01196,"w":532.53701,"h":434.62804},"15":{"offsetX":-48.18829,"offsetY":-77.01523,"w":502.45281000000006,"h":436.41597},"16":{"offsetX":-48.18829,"offsetY":-77.01523,"w":492.30190999999996,"h":434.62477},"17":{"offsetX":-48.18829,"offsetY":-77.01523,"w":510.44211,"h":436.57797000000005},"18":{"offsetX":-48.18829,"offsetY":-77.01523,"w":493.02531000000005,"h":434.62477},"19":{"offsetX":-48.18829,"offsetY":-77.01199,"w":509.14871,"h":434.62801},"20":{"offsetX":34.81888,"offsetY":-77.01199,"w":579.9328800000001,"h":435.35581},"30":{"offsetX":18.002213,"offsetY":-77.01196,"w":563.1224129999999,"h":438.06804},"40":{"offsetX":41.56754,"offsetY":-75.54001,"w":586.67644,"h":435.05299},"50":{"offsetX":25.76569,"offsetY":-75.54001,"w":570.8717899999999,"h":437.89119},"60":{"offsetX":31.32819,"offsetY":-75.54004,"w":576.4319899999999,"h":437.34065999999996},"70":{"offsetX":37.364959999999996,"offsetY":-77.01199,"w":582.49456,"h":436.58121000000006},"80":{"offsetX":39.19788,"offsetY":-75.54001,"w":584.30398,"h":437.78859},"90":{"offsetX":33.69528,"offsetY":-75.54001,"w":578.80138,"h":439.41689},"100":{"offsetX":136.57229999999998,"offsetY":-69.95343,"w":771.6686000000001,"h":442.94007},"rectangle":{"offsetX":289.6135,"offsetY":-192.5537,"w":1085.4166,"h":618.25},"circle":{"offsetX":180.9438,"offsetY":-68.3959,"w":861.8876,"h":860.5909},"square":{"offsetX":183.699,"offsetY":-66.30096,"w":867.3979999999999,"h":867.3980399999999},"D":{"offsetX":-128.0255,"offsetY":-107.0035,"w":308.2356,"h":408.2762},"d":{"offsetX":-132.766,"offsetY":-107.0386,"w":162.1801,"h":408.6757},"U":{"offsetX":-110.9152,"offsetY":-111.8503,"w":289.13829999999996,"h":402.3036},"u":{"offsetX":-175.1115,"offsetY":-297.9205,"w":158.292,"h":217.0856},"ng":{"offsetX":-73.84187,"offsetY":-298.3615,"w":356.57883000000004,"h":404.145},"Y":{"offsetX":-99.2802,"offsetY":-103.6331,"w":309.26890000000003,"h":407.4582},"y":{"offsetX":-113.6959,"offsetY":-295.7481,"w":223.69889999999998,"h":408.96619999999996},"nj":{"offsetX":-96.5008,"offsetY":-247.83870000000002,"w":219.57719999999998,"h":453.721},"V":{"offsetX":-88.5323,"offsetY":-107.3023,"w":326.8281,"h":407.6932},"v":{"offsetX":-167.6573,"offsetY":-295.5439,"w":165.71009999999998,"h":219.43599999999998},"mv":{"offsetX":-63.192539999999994,"offsetY":-297.8828,"w":369.79825999999997,"h":217.09730000000002},"oi":{"offsetX":-56.5005,"offsetY":-204.827,"w":239.43870000000004,"h":310.2298},"ew":{"offsetX":-49.17578,"offsetY":-298.9876,"w":398.67652,"h":216.23160000000001},"S":{"offsetX":-109.7447,"offsetY":-106.6849,"w":306.2409,"h":408.6328},"s":{"offsetX":-166.9061,"offsetY":-296.8868,"w":167.60889999999998,"h":218.61520000000002},"eer":{"offsetX":43.593109999999996,"offsetY":-295.833,"w":582.91171,"h":219.15769999999998},"G":{"offsetX":-47.5488,"offsetY":-107.9381,"w":358.0191,"h":407.1289},"g":{"offsetX":-141.6455,"offsetY":-285.3604,"w":187.7859,"h":408.8179},"A":{"offsetX":-81.82344,"offsetY":-111.6614,"w":340.07076,"h":403.2801},"a":{"offsetX":-145.0128,"offsetY":-298.6097,"w":171.2694,"h":216.15030000000002},"O":{"offsetX":-92.9301,"offsetY":-103.7992,"w":315.7314,"h":411.1027},"o":{"offsetX":-163.2602,"offsetY":-297.823,"w":173.93689999999998,"h":217.2339},"ay":{"offsetX":-56.9516,"offsetY":-298.0845,"w":359.4592,"h":404.28770000000003},"ea":{"offsetX":-49.716449999999995,"offsetY":-298.4743,"w":388.84725,"h":216.6941},"M":{"offsetX":-76.27567,"offsetY":-107.0018,"w":338.26573,"h":408.3994},"m":{"offsetX":-114.037,"offsetY":-295.9899,"w":264.4148,"h":218.97090000000003},"aw":{"offsetX":-28.212829999999997,"offsetY":-298.6097,"w":443.72177,"h":216.60950000000003},"kh":{"offsetX":-65.34628,"offsetY":-117.17490000000001,"w":369.74982,"h":398.1966},"C":{"offsetX":-95.356,"offsetY":-108.127,"w":290.1069,"h":406.78249999999997},"c":{"offsetX":-165.5357,"offsetY":-295.9478,"w":151.75610000000003,"h":219.1157},"dge":{"offsetX":41.52393,"offsetY":-111.7047,"w":583.8338299999999,"h":590.7974},"er":{"offsetX":-72.11311,"offsetY":-295.833,"w":350.36779,"h":219.16159999999996},"oo":{"offsetX":-58.670320000000004,"offsetY":-298.2382,"w":368.18688,"h":216.8186},"air":{"offsetX":-47.47139,"offsetY":-204.827,"w":400.95011,"h":310.1154},"igh":{"offsetX":-53.19363,"offsetY":-112.6079,"w":392.71967,"h":589.9078000000001},"R":{"offsetX":-125.6389,"offsetY":-106.9316,"w":310.9294,"h":409.3271},"r":{"offsetX":-215.1869,"offsetY":-293.4684,"w":134.81839999999997,"h":221.47320000000002},"ie":{"offsetX":-127.19130000000001,"offsetY":-204.827,"w":258.3649,"h":310.1676},"I":{"offsetX":-234.1284,"offsetY":-106.9956,"w":30,"h":407.76160000000004},"i":{"offsetX":-234.6232,"offsetY":-201.3248,"w":31.924300000000017,"h":313.57579999999996},"th":{"offsetX":-76.98093,"offsetY":-112.6079,"w":348.82427,"h":402.44190000000003},"ear":{"offsetX":43.593109999999996,"offsetY":-295.833,"w":582.91171,"h":219.15769999999998},"qu":{"offsetX":-63.3186,"offsetY":-297.9205,"w":365.3293,"h":394.40000000000003},"ck":{"offsetX":-63.19408,"offsetY":-111.8944,"w":379.84222,"h":403.4771},"ch":{"offsetX":-97.7169,"offsetY":-112.6079,"w":342.2768,"h":402.4806},"dh":{"offsetX":-47.92607,"offsetY":-111.7047,"w":395.76523000000003,"h":404.00079999999997},"N":{"offsetX":-128.1897,"offsetY":-107.89,"w":269.43539999999996,"h":408.1066},"n":{"offsetX":-179.7033,"offsetY":-296.0284,"w":158.28749999999997,"h":218.81480000000005},"ow":{"offsetX":-27.738750000000003,"offsetY":-298.2382,"w":442.30865,"h":216.981},"W":{"offsetX":-22.75723,"offsetY":-100.0544,"w":459.47847,"h":409.4474},"w":{"offsetX":-121.40010000000001,"offsetY":-292.6211,"w":259.1354,"h":218.5595},"al":{"offsetX":-72.82941,"offsetY":-111.8071,"w":260.55219,"h":403.9733},"nd":{"offsetX":-76.14626,"offsetY":-111.7047,"w":350.42634000000004,"h":404.00079999999997},"H":{"offsetX":-113.33959999999999,"offsetY":-112.5828,"w":273.56050000000005,"h":402.21549999999996},"h":{"offsetX":-170.8536,"offsetY":-112.6079,"w":159.92460000000003,"h":402.44190000000003},"L":{"offsetX":-132.9521,"offsetY":-108.2971,"w":239.83380000000002,"h":406.6493},"l":{"offsetX":-235,"offsetY":-111.8071,"w":30,"h":403.9733},"or":{"offsetX":-61.50099,"offsetY":-295.833,"w":345.79531,"h":219.22379999999998},"sh":{"offsetX":-75.80771,"offsetY":-112.6079,"w":346.53649,"h":402.88789999999995},"nz":{"offsetX":-36.83936,"offsetY":-298.3419,"w":428.62424,"h":216.59789999999998},"wh":{"offsetX":-56.05399,"offsetY":-112.6079,"w":388.51191,"h":402.6113},"wr":{"offsetX":-62.55376,"offsetY":-295.833,"w":381.85143999999997,"h":219.38619999999997},"J":{"offsetX":-96.2084,"offsetY":-106.5127,"w":201.0822,"h":408.4061},"j":{"offsetX":-157.6849,"offsetY":-300.8742,"w":115.09049999999999,"h":403.01750000000004},"oy":{"offsetX":-61.342510000000004,"offsetY":-298.0845,"w":365.98659,